match_id,datetime,league,home_team_id,home_team_name,home_team_name_short,away_team_id,away_team_name,away_team_name_short,home_team_goals,away_team_goals,home_team_xG,away_team_xG,win_forecast,draw_forecast,loss_forecast
2,2024-08-16 19:00:00,EPL,89,Manchester United,MUN,228,Fulham,FLH,1,0,2.04268,0.418711,0.8069,0.1489,0.0442
2,2024-08-17 11:30:00,EPL,285,Ipswich,IPS,87,Liverpool,LIV,0,2,0.342601,3.92906,0.0026,0.018,0.9794
2,2024-08-17 14:00:00,EPL,83,Arsenal,ARS,229,Wolverhampton Wanderers,WOL,2,0,1.6283,0.575835,0.6528,0.231,0.1162
2,2024-08-17 14:00:00,EPL,72,Everton,EVE,220,Brighton,BRI,0,3,0.405325,1.79083,0.0481,0.1635,0.7884
2,2024-08-17 14:00:00,EPL,86,Newcastle United,NEW,74,Southampton,SOU,1,0,0.433489,1.95483,0.0378,0.164,0.7982
2,2024-08-17 14:00:00,EPL,249,Nottingham Forest,NOT,73,Bournemouth,BOU,1,1,1.24405,1.90915,0.1994,0.2537,0.5469
2,2024-08-17 16:30:00,EPL,81,West Ham,WHU,71,Aston Villa,AVL,1,2,2.8047,2.6703,0.4123,0.2321,0.3556
2,2024-08-18 13:00:00,EPL,244,Brentford,BRE,78,Crystal Palace,CRY,2,1,1.38064,1.14757,0.4248,0.3141,0.2611
2,2024-08-18 15:30:00,EPL,80,Chelsea,CHE,88,Manchester City,MCI,0,2,1.06123,1.18038,0.3036,0.3245,0.3719
2,2024-08-19 19:00:00,EPL,75,Leicester,LEI,82,Tottenham,TOT,1,1,1.02614,1.40775,0.2541,0.2951,0.4508
2,2024-08-24 11:30:00,EPL,220,Brighton,BRI,89,Manchester United,MUN,2,1,2.14153,1.28556,0.601,0.2392,0.1598
2,2024-08-24 14:00:00,EPL,78,Crystal Palace,CRY,81,West Ham,WHU,0,2,1.3761,1.53421,0.3315,0.2678,0.4007
2,2024-08-24 14:00:00,EPL,228,Fulham,FLH,75,Leicester,LEI,2,1,1.96218,0.857005,0.6596,0.215,0.1254
2,2024-08-24 14:00:00,EPL,88,Manchester City,MCI,285,Ipswich,IPS,4,1,3.07818,0.479999,0.9435,0.0503,0.0062
2,2024-08-24 14:00:00,EPL,74,Southampton,SOU,249,Nottingham Forest,NOT,0,1,0.214952,2.86475,0.0067,0.0496,0.9437
2,2024-08-24 14:00:00,EPL,82,Tottenham,TOT,72,Everton,EVE,4,0,2.61143,0.648869,0.8398,0.1124,0.0478
2,2024-08-24 16:30:00,EPL,71,Aston Villa,AVL,83,Arsenal,ARS,0,2,1.31664,1.41399,0.3113,0.3023,0.3864
2,2024-08-25 13:00:00,EPL,229,Wolverhampton Wanderers,WOL,80,Chelsea,CHE,2,6,2.4181,2.02935,0.4888,0.2228,0.2884
2,2024-08-25 13:00:00,EPL,73,Bournemouth,BOU,86,Newcastle United,NEW,1,1,2.53513,1.89287,0.5396,0.2334,0.227
2,2024-08-25 15:30:00,EPL,87,Liverpool,LIV,244,Brentford,BRE,2,0,2.71877,0.457239,0.8893,0.0893,0.0214
2,2024-08-31 11:30:00,EPL,83,Arsenal,ARS,220,Brighton,BRI,1,1,2.41798,1.81748,0.5278,0.2236,0.2486
2,2024-08-31 14:00:00,EPL,244,Brentford,BRE,74,Southampton,SOU,3,1,3.86281,1.64713,0.8348,0.1027,0.0625
2,2024-08-31 14:00:00,EPL,72,Everton,EVE,73,Bournemouth,BOU,2,3,2.55629,2.95688,0.3027,0.216,0.4813
2,2024-08-31 14:00:00,EPL,285,Ipswich,IPS,228,Fulham,FLH,1,1,0.707048,1.18883,0.2034,0.3116,0.485
2,2024-08-31 14:00:00,EPL,75,Leicester,LEI,71,Aston Villa,AVL,1,2,0.774741,2.16385,0.0646,0.1791,0.7563
2,2024-08-31 14:00:00,EPL,249,Nottingham Forest,NOT,229,Wolverhampton Wanderers,WOL,1,1,1.41069,0.937632,0.4728,0.3229,0.2043
2,2024-08-31 16:30:00,EPL,81,West Ham,WHU,88,Manchester City,MCI,1,3,0.947201,3.19297,0.0483,0.1075,0.8442
2,2024-09-01 12:30:00,EPL,86,Newcastle United,NEW,82,Tottenham,TOT,2,1,1.58694,1.63304,0.3519,0.2857,0.3624
2,2024-09-01 12:30:00,EPL,80,Chelsea,CHE,78,Crystal Palace,CRY,1,1,2.97743,0.459708,0.9429,0.0461,0.011
2,2024-09-01 15:00:00,EPL,89,Manchester United,MUN,87,Liverpool,LIV,0,3,1.50087,2.10397,0.2409,0.2462,0.5129
2,2024-09-14 11:30:00,EPL,74,Southampton,SOU,89,Manchester United,MUN,0,3,1.35593,3.02693,0.0634,0.1533,0.7833
2,2024-09-14 14:00:00,EPL,220,Brighton,BRI,285,Ipswich,IPS,0,0,1.75696,0.721323,0.6638,0.2448,0.0914
2,2024-09-14 14:00:00,EPL,228,Fulham,FLH,81,West Ham,WHU,1,1,2.88601,0.682719,0.8681,0.0971,0.0348
2,2024-09-14 14:00:00,EPL,87,Liverpool,LIV,249,Nottingham Forest,NOT,0,1,1.17044,0.589532,0.5221,0.3244,0.1535
2,2024-09-14 14:00:00,EPL,78,Crystal Palace,CRY,75,Leicester,LEI,2,2,2.88716,1.65187,0.6779,0.1869,0.1352
2,2024-09-14 14:00:00,EPL,88,Manchester City,MCI,244,Brentford,BRE,2,1,1.55279,1.05094,0.4771,0.2847,0.2382
2,2024-09-14 16:30:00,EPL,71,Aston Villa,AVL,72,Everton,EVE,3,2,3.15876,0.852158,0.8919,0.0838,0.0243
2,2024-09-14 19:00:00,EPL,73,Bournemouth,BOU,80,Chelsea,CHE,0,1,1.53731,0.932726,0.5298,0.2902,0.18
2,2024-09-15 13:00:00,EPL,82,Tottenham,TOT,83,Arsenal,ARS,0,1,0.792595,1.1209,0.234,0.3157,0.4503
2,2024-09-15 15:30:00,EPL,229,Wolverhampton Wanderers,WOL,86,Newcastle United,NEW,1,2,1.46969,1.48343,0.3576,0.2692,0.3732
2,2024-09-21 11:30:00,EPL,81,West Ham,WHU,80,Chelsea,CHE,0,3,0.758267,2.39727,0.0778,0.15,0.7722
2,2024-09-21 14:00:00,EPL,74,Southampton,SOU,285,Ipswich,IPS,1,1,2.89813,1.645,0.6951,0.1778,0.1271
2,2024-09-21 14:00:00,EPL,75,Leicester,LEI,72,Everton,EVE,1,1,1.33793,1.82377,0.2591,0.2621,0.4788
2,2024-09-21 14:00:00,EPL,87,Liverpool,LIV,73,Bournemouth,BOU,3,0,2.43731,1.46979,0.597,0.2063,0.1967
2,2024-09-21 14:00:00,EPL,228,Fulham,FLH,86,Newcastle United,NEW,3,1,3.21141,1.09768,0.8274,0.1124,0.0602
2,2024-09-21 14:00:00,EPL,71,Aston Villa,AVL,229,Wolverhampton Wanderers,WOL,3,1,2.37351,0.520117,0.8449,0.1134,0.0417
2,2024-09-21 14:00:00,EPL,82,Tottenham,TOT,244,Brentford,BRE,3,1,3.89481,0.893565,0.9397,0.0464,0.0139
2,2024-09-21 16:30:00,EPL,78,Crystal Palace,CRY,89,Manchester United,MUN,0,0,1.66928,2.35056,0.2248,0.2317,0.5435
2,2024-09-22 13:00:00,EPL,220,Brighton,BRI,249,Nottingham Forest,NOT,2,2,1.56836,1.36923,0.3886,0.31,0.3014
2,2024-09-22 15:30:00,EPL,88,Manchester City,MCI,83,Arsenal,ARS,2,2,2.75588,1.28411,0.72,0.1782,0.1018
2,2024-09-28 11:30:00,EPL,86,Newcastle United,NEW,88,Manchester City,MCI,1,1,1.34344,1.26516,0.3867,0.2946,0.3187
2,2024-09-28 14:00:00,EPL,249,Nottingham Forest,NOT,228,Fulham,FLH,0,1,0.614351,1.43592,0.1181,0.2591,0.6228
2,2024-09-28 14:00:00,EPL,72,Everton,EVE,78,Crystal Palace,CRY,2,1,1.10959,1.12358,0.3388,0.3145,0.3467
2,2024-09-28 14:00:00,EPL,83,Arsenal,ARS,75,Leicester,LEI,4,2,6.05305,0.337909,0.9988,0.0009,0.0003
2,2024-09-28 14:00:00,EPL,244,Brentford,BRE,81,West Ham,WHU,1,1,0.370222,0.878617,0.1512,0.3899,0.4589
2,2024-09-28 14:00:00,EPL,80,Chelsea,CHE,220,Brighton,BRI,4,2,3.65839,1.20712,0.8777,0.0846,0.0377
2,2024-09-28 16:30:00,EPL,229,Wolverhampton Wanderers,WOL,87,Liverpool,LIV,1,2,0.748925,2.11724,0.0583,0.1722,0.7695
2,2024-09-29 13:00:00,EPL,285,Ipswich,IPS,71,Aston Villa,AVL,2,2,1.84608,1.14494,0.5579,0.2508,0.1913
2,2024-09-29 15:30:00,EPL,89,Manchester United,MUN,82,Tottenham,TOT,0,3,0.600721,5.4072,0.0007,0.0037,0.9956
2,2024-09-30 19:00:00,EPL,73,Bournemouth,BOU,74,Southampton,SOU,3,1,1.44215,0.696068,0.5743,0.2732,0.1525
2,2024-10-05 11:30:00,EPL,78,Crystal Palace,CRY,87,Liverpool,LIV,0,1,0.609481,2.07332,0.0716,0.1652,0.7632
2,2024-10-05 14:00:00,EPL,75,Leicester,LEI,73,Bournemouth,BOU,1,0,0.912063,1.94963,0.1209,0.225,0.6541
2,2024-10-05 14:00:00,EPL,88,Manchester City,MCI,228,Fulham,FLH,3,2,1.36684,2.75846,0.1266,0.1656,0.7078
2,2024-10-05 14:00:00,EPL,81,West Ham,WHU,285,Ipswich,IPS,4,1,4.39402,1.18463,0.9499,0.0394,0.0107
2,2024-10-05 14:00:00,EPL,83,Arsenal,ARS,74,Southampton,SOU,3,1,3.25165,1.27313,0.8063,0.1259,0.0678
2,2024-10-05 14:00:00,EPL,244,Brentford,BRE,229,Wolverhampton Wanderers,WOL,5,3,4.13513,0.696254,0.9617,0.03,0.0083
2,2024-10-05 16:30:00,EPL,72,Everton,EVE,86,Newcastle United,NEW,0,0,0.692214,1.79048,0.0811,0.2469,0.672
2,2024-10-06 13:00:00,EPL,80,Chelsea,CHE,249,Nottingham Forest,NOT,1,1,2.27752,1.66654,0.5362,0.2216,0.2422
2,2024-10-06 13:00:00,EPL,71,Aston Villa,AVL,89,Manchester United,MUN,0,0,0.532809,0.448537,0.2909,0.4681,0.241
2,2024-10-06 15:30:00,EPL,220,Brighton,BRI,82,Tottenham,TOT,3,2,1.97217,1.09279,0.6114,0.2216,0.167
2,2024-10-19 11:30:00,EPL,82,Tottenham,TOT,81,West Ham,WHU,4,1,1.44052,0.858803,0.5079,0.2755,0.2166
2,2024-10-19 14:00:00,EPL,228,Fulham,FLH,71,Aston Villa,AVL,1,3,2.63074,1.43595,0.6895,0.1842,0.1263
2,2024-10-19 14:00:00,EPL,285,Ipswich,IPS,72,Everton,EVE,0,2,1.174,1.60804,0.2478,0.2698,0.4824
2,2024-10-19 14:00:00,EPL,89,Manchester United,MUN,244,Brentford,BRE,2,1,1.76555,0.892843,0.5945,0.2395,0.166
2,2024-10-19 14:00:00,EPL,86,Newcastle United,NEW,220,Brighton,BRI,0,1,1.93657,1.6779,0.4377,0.2411,0.3212
2,2024-10-19 14:00:00,EPL,74,Southampton,SOU,75,Leicester,LEI,2,3,2.42776,2.83826,0.2806,0.241,0.4784
2,2024-10-19 16:30:00,EPL,73,Bournemouth,BOU,83,Arsenal,ARS,2,0,2.18419,0.740758,0.762,0.1786,0.0594
2,2024-10-20 13:00:00,EPL,229,Wolverhampton Wanderers,WOL,88,Manchester City,MCI,1,2,0.761217,1.36569,0.2016,0.2881,0.5103
2,2024-10-20 15:30:00,EPL,87,Liverpool,LIV,80,Chelsea,CHE,2,1,2.22517,1.33904,0.6225,0.2262,0.1513
2,2024-10-21 19:00:00,EPL,249,Nottingham Forest,NOT,78,Crystal Palace,CRY,1,0,1.88573,0.835001,0.6418,0.2131,0.1451
2,2024-10-25 19:00:00,EPL,75,Leicester,LEI,249,Nottingham Forest,NOT,1,3,0.832415,2.54488,0.0468,0.1406,0.8126
2,2024-10-26 14:00:00,EPL,88,Manchester City,MCI,74,Southampton,SOU,1,0,3.16286,0.369989,0.9467,0.0452,0.0081
2,2024-10-26 14:00:00,EPL,71,Aston Villa,AVL,73,Bournemouth,BOU,1,1,1.974,0.328651,0.8162,0.1422,0.0416
2,2024-10-26 14:00:00,EPL,244,Brentford,BRE,285,Ipswich,IPS,4,3,4.09663,1.65698,0.8503,0.0898,0.0599
2,2024-10-26 14:00:00,EPL,220,Brighton,BRI,229,Wolverhampton Wanderers,WOL,2,2,1.51347,1.11074,0.4662,0.2703,0.2635
2,2024-10-26 16:30:00,EPL,72,Everton,EVE,228,Fulham,FLH,1,1,0.884845,1.49531,0.1867,0.2839,0.5294
2,2024-10-27 14:00:00,EPL,80,Chelsea,CHE,86,Newcastle United,NEW,2,1,1.61794,1.74225,0.317,0.2757,0.4073
2,2024-10-27 14:00:00,EPL,78,Crystal Palace,CRY,82,Tottenham,TOT,1,0,0.978611,1.0192,0.3194,0.3264,0.3542
2,2024-10-27 14:00:00,EPL,81,West Ham,WHU,89,Manchester United,MUN,2,1,2.99312,2.62598,0.4816,0.2222,0.2962
2,2024-10-27 16:30:00,EPL,83,Arsenal,ARS,87,Liverpool,LIV,2,2,1.0883,1.35346,0.2606,0.3127,0.4267
2,2024-11-02 12:30:00,EPL,86,Newcastle United,NEW,83,Arsenal,ARS,1,0,0.859715,0.911305,0.3122,0.3446,0.3432
2,2024-11-02 15:00:00,EPL,73,Bournemouth,BOU,88,Manchester City,MCI,2,1,2.4493,2.3527,0.4071,0.2358,0.3571
2,2024-11-02 15:00:00,EPL,285,Ipswich,IPS,75,Leicester,LEI,1,1,1.33617,2.33858,0.162,0.2044,0.6336
2,2024-11-02 15:00:00,EPL,87,Liverpool,LIV,220,Brighton,BRI,2,1,1.81037,1.01568,0.5793,0.2344,0.1863
2,2024-11-02 15:00:00,EPL,249,Nottingham Forest,NOT,81,West Ham,WHU,3,0,2.35011,0.132317,0.9176,0.0732,0.0092
2,2024-11-02 15:00:00,EPL,74,Southampton,SOU,72,Everton,EVE,1,0,0.540345,1.78581,0.0769,0.2034,0.7197
2,2024-11-02 17:30:00,EPL,229,Wolverhampton Wanderers,WOL,78,Crystal Palace,CRY,2,2,1.65018,2.64849,0.1625,0.2097,0.6278
2,2024-11-03 14:00:00,EPL,82,Tottenham,TOT,71,Aston Villa,AVL,4,1,2.09751,2.48749,0.268,0.2601,0.4719
2,2024-11-03 16:30:00,EPL,89,Manchester United,MUN,80,Chelsea,CHE,1,1,2.1605,1.21071,0.6277,0.2289,0.1434
2,2024-11-04 20:00:00,EPL,228,Fulham,FLH,244,Brentford,BRE,2,1,1.43017,0.739231,0.5292,0.2933,0.1775
2,2024-11-09 15:00:00,EPL,244,Brentford,BRE,73,Bournemouth,BOU,3,2,1.56474,2.49234,0.1761,0.2142,0.6097
2,2024-11-09 15:00:00,EPL,78,Crystal Palace,CRY,228,Fulham,FLH,0,2,1.96037,2.25331,0.3182,0.233,0.4488
2,2024-11-09 15:00:00,EPL,81,West Ham,WHU,72,Everton,EVE,0,0,1.1237,0.865983,0.4316,0.3045,0.2639
2,2024-11-09 15:00:00,EPL,229,Wolverhampton Wanderers,WOL,74,Southampton,SOU,2,0,0.912781,0.792655,0.3679,0.3593,0.2728
2,2024-11-09 17:30:00,EPL,220,Brighton,BRI,88,Manchester City,MCI,2,1,2.87116,2.60334,0.4425,0.2309,0.3266
2,2024-11-09 20:00:00,EPL,87,Liverpool,LIV,71,Aston Villa,AVL,2,0,2.68196,1.66337,0.6245,0.2004,0.1751
2,2024-11-10 14:00:00,EPL,249,Nottingham Forest,NOT,86,Newcastle United,NEW,1,3,1.17852,1.86904,0.1929,0.2586,0.5485
2,2024-11-10 14:00:00,EPL,89,Manchester United,MUN,75,Leicester,LEI,3,0,1.2369,0.417295,0.5982,0.2945,0.1073
2,2024-11-10 14:00:00,EPL,82,Tottenham,TOT,285,Ipswich,IPS,1,2,1.75088,2.18392,0.2526,0.2562,0.4912
2,2024-11-10 16:30:00,EPL,80,Chelsea,CHE,83,Arsenal,ARS,1,1,1.24067,1.9605,0.2027,0.2425,0.5548
2,2024-08-15 17:00:00,La_Liga,147,Athletic Club,ATH,142,Getafe,GET,1,1,0.290195,0.537517,0.1519,0.4912,0.3569
2,2024-08-15 19:30:00,La_Liga,153,Real Betis,BET,223,Girona,GIR,1,1,1.80582,1.54726,0.432,0.2586,0.3094
2,2024-08-16 17:00:00,La_Liga,152,Celta Vigo,CEL,158,Alaves,ALA,2,1,0.793797,1.9391,0.1095,0.2132,0.6773
2,2024-08-16 19:30:00,La_Liga,144,Las Palmas,LPL,138,Sevilla,SEV,2,2,1.3187,2.09987,0.1945,0.2398,0.5657
2,2024-08-17 17:00:00,La_Liga,157,Osasuna,OSA,159,Leganes,LEG,1,1,1.7631,1.33949,0.4804,0.2671,0.2525
2,2024-08-17 19:30:00,La_Liga,146,Valencia,VAL,148,Barcelona,BAR,1,2,1.55206,3.48824,0.0493,0.1264,0.8243
2,2024-08-18 17:00:00,La_Liga,140,Real Sociedad,SOC,145,Rayo Vallecano,RVL,1,2,1.56608,1.60148,0.3601,0.2701,0.3698
2,2024-08-18 19:30:00,La_Liga,239,Mallorca,MAL,150,Real Madrid,RMA,1,1,1.30561,0.608052,0.5807,0.2785,0.1408
2,2024-08-19 17:00:00,La_Liga,231,Real Valladolid,VAL,141,Espanyol,ESP,1,0,1.17753,0.515586,0.5567,0.2985,0.1448
2,2024-08-19 19:30:00,La_Liga,154,Villarreal,VIL,143,Atletico Madrid,ATL,2,2,0.68684,1.13868,0.2087,0.3204,0.4709
2,2024-08-23 17:00:00,La_Liga,152,Celta Vigo,CEL,146,Valencia,VAL,3,1,1.30571,1.1544,0.3803,0.3303,0.2894
2,2024-08-23 19:30:00,La_Liga,138,Sevilla,SEV,154,Villarreal,VIL,1,2,1.23826,1.39825,0.3052,0.2901,0.4047
2,2024-08-24 15:00:00,La_Liga,157,Osasuna,OSA,239,Mallorca,MAL,1,0,0.887678,0.427602,0.4672,0.3767,0.1561
2,2024-08-24 17:00:00,La_Liga,148,Barcelona,BAR,147,Athletic Club,ATH,2,1,2.41577,1.09985,0.7191,0.1884,0.0925
2,2024-08-24 19:30:00,La_Liga,142,Getafe,GET,145,Rayo Vallecano,RVL,0,0,0.512723,0.161076,0.3626,0.5395,0.0979
2,2024-08-24 19:30:00,La_Liga,141,Espanyol,ESP,140,Real Sociedad,SOC,0,1,1.79566,0.796104,0.6597,0.2355,0.1048
2,2024-08-25 15:00:00,La_Liga,150,Real Madrid,RMA,231,Real Valladolid,VAL,3,0,2.17954,0.378528,0.8382,0.1269,0.0349
2,2024-08-25 17:00:00,La_Liga,159,Leganes,LEG,144,Las Palmas,LPL,2,1,1.58998,1.23438,0.4672,0.2814,0.2514
2,2024-08-25 17:15:00,La_Liga,158,Alaves,ALA,153,Real Betis,BET,0,0,0.172545,1.36012,0.0393,0.2433,0.7174
2,2024-08-25 19:30:00,La_Liga,143,Atletico Madrid,ATL,223,Girona,GIR,3,0,1.42393,0.596524,0.6231,0.26,0.1169
2,2024-08-26 19:30:00,La_Liga,154,Villarreal,VIL,152,Celta Vigo,CEL,4,3,4.3817,3.79183,0.5121,0.1988,0.2891
2,2024-08-27 17:00:00,La_Liga,239,Mallorca,MAL,138,Sevilla,SEV,0,0,0.940858,0.60976,0.4497,0.3369,0.2134
2,2024-08-27 19:30:00,La_Liga,145,Rayo Vallecano,RVL,148,Barcelona,BAR,1,2,0.392473,1.51872,0.0769,0.2318,0.6913
2,2024-08-28 17:00:00,La_Liga,231,Real Valladolid,VAL,159,Leganes,LEG,0,0,0.773785,0.184577,0.4923,0.4245,0.0832
2,2024-08-28 17:00:00,La_Liga,147,Athletic Club,ATH,146,Valencia,VAL,1,0,1.51595,0.0996371,0.8157,0.1705,0.0138
2,2024-08-28 19:30:00,La_Liga,140,Real Sociedad,SOC,158,Alaves,ALA,1,2,0.951647,2.62561,0.0611,0.1418,0.7971
2,2024-08-28 19:30:00,La_Liga,143,Atletico Madrid,ATL,141,Espanyol,ESP,0,0,3.88587,0.855829,0.9347,0.0516,0.0137
2,2024-08-29 17:00:00,La_Liga,223,Girona,GIR,157,Osasuna,OSA,4,0,2.6015,0.0199618,0.9725,0.0272,0.0003
2,2024-08-29 19:30:00,La_Liga,144,Las Palmas,LPL,150,Real Madrid,RMA,1,1,0.809213,3.28322,0.0275,0.0814,0.8911
2,2024-08-31 15:00:00,La_Liga,148,Barcelona,BAR,231,Real Valladolid,VAL,7,0,4.94022,0.422493,0.9912,0.0081,0.0007
2,2024-08-31 17:00:00,La_Liga,147,Athletic Club,ATH,143,Atletico Madrid,ATL,0,1,0.252231,1.58613,0.0305,0.1674,0.8021
2,2024-08-31 17:15:00,La_Liga,141,Espanyol,ESP,145,Rayo Vallecano,RVL,2,1,1.84679,1.0088,0.5997,0.2404,0.1599
2,2024-08-31 19:30:00,La_Liga,146,Valencia,VAL,154,Villarreal,VIL,1,1,1.14322,0.885369,0.3942,0.3352,0.2706
2,2024-08-31 19:30:00,La_Liga,159,Leganes,LEG,239,Mallorca,MAL,0,1,0.52078,1.48758,0.0995,0.2403,0.6602
2,2024-09-01 15:00:00,La_Liga,158,Alaves,ALA,144,Las Palmas,LPL,2,0,2.01026,0.547308,0.7806,0.1647,0.0547
2,2024-09-01 15:00:00,La_Liga,157,Osasuna,OSA,152,Celta Vigo,CEL,3,2,0.779621,1.72329,0.1316,0.2296,0.6388
2,2024-09-01 17:00:00,La_Liga,138,Sevilla,SEV,223,Girona,GIR,0,2,0.812687,2.36355,0.0607,0.1317,0.8076
2,2024-09-01 17:15:00,La_Liga,142,Getafe,GET,140,Real Sociedad,SOC,0,0,0.547095,0.0209183,0.4204,0.5673,0.0123
2,2024-09-01 19:30:00,La_Liga,150,Real Madrid,RMA,153,Real Betis,BET,2,0,2.37168,0.831429,0.7638,0.1588,0.0774
2,2024-09-13 19:00:00,La_Liga,153,Real Betis,BET,159,Leganes,LEG,2,0,1.72201,0.107021,0.8701,0.1204,0.0095
2,2024-09-14 12:00:00,La_Liga,239,Mallorca,MAL,154,Villarreal,VIL,1,2,0.345425,2.41884,0.0239,0.1011,0.875
2,2024-09-14 14:15:00,La_Liga,141,Espanyol,ESP,158,Alaves,ALA,3,2,1.95102,2.3693,0.251,0.2911,0.4579
2,2024-09-14 16:30:00,La_Liga,138,Sevilla,SEV,142,Getafe,GET,1,0,1.64801,0.971555,0.5595,0.2574,0.1831
2,2024-09-14 19:00:00,La_Liga,140,Real Sociedad,SOC,150,Real Madrid,RMA,0,2,1.41828,2.2759,0.1639,0.2351,0.601
2,2024-09-15 12:00:00,La_Liga,152,Celta Vigo,CEL,231,Real Valladolid,VAL,3,1,1.99273,0.382657,0.8028,0.1531,0.0441
2,2024-09-15 14:15:00,La_Liga,223,Girona,GIR,148,Barcelona,BAR,1,4,1.09568,2.5936,0.0916,0.1681,0.7403
2,2024-09-15 16:30:00,La_Liga,144,Las Palmas,LPL,147,Athletic Club,ATH,2,3,1.5194,1.80432,0.2556,0.3103,0.4341
2,2024-09-15 19:00:00,La_Liga,143,Atletico Madrid,ATL,146,Valencia,VAL,3,0,3.22965,0.18311,0.9697,0.0257,0.0046
2,2024-09-16 19:00:00,La_Liga,145,Rayo Vallecano,RVL,157,Osasuna,OSA,3,1,1.48433,0.530311,0.6462,0.2505,0.1033
2,2024-09-17 19:00:00,La_Liga,239,Mallorca,MAL,140,Real Sociedad,SOC,1,0,1.56932,0.499139,0.7145,0.2117,0.0738
2,2024-09-18 17:00:00,La_Liga,153,Real Betis,BET,142,Getafe,GET,2,1,3.06176,0.864309,0.8923,0.0796,0.0281
2,2024-09-19 17:00:00,La_Liga,159,Leganes,LEG,147,Athletic Club,ATH,0,2,0.666594,1.32325,0.1628,0.2836,0.5536
2,2024-09-20 19:00:00,La_Liga,158,Alaves,ALA,138,Sevilla,SEV,2,1,1.40641,0.623937,0.6213,0.3075,0.0712
2,2024-09-21 12:00:00,La_Liga,231,Real Valladolid,VAL,140,Real Sociedad,SOC,0,0,0.952589,1.3906,0.2336,0.2826,0.4838
2,2024-09-21 14:15:00,La_Liga,157,Osasuna,OSA,144,Las Palmas,LPL,2,1,1.97167,1.28282,0.559,0.2371,0.2039
2,2024-09-21 16:30:00,La_Liga,146,Valencia,VAL,223,Girona,GIR,2,0,0.350785,0.387698,0.2165,0.5409,0.2426
2,2024-09-21 19:00:00,La_Liga,150,Real Madrid,RMA,141,Espanyol,ESP,4,1,4.89487,0.318831,0.9961,0.0035,0.0004
2,2024-09-22 12:00:00,La_Liga,142,Getafe,GET,159,Leganes,LEG,1,1,1.24276,0.783211,0.4808,0.3439,0.1753
2,2024-09-22 14:15:00,La_Liga,147,Athletic Club,ATH,152,Celta Vigo,CEL,3,1,0.864304,1.21547,0.2237,0.3214,0.4549
2,2024-09-22 16:30:00,La_Liga,154,Villarreal,VIL,148,Barcelona,BAR,1,5,2.39605,4.1937,0.1102,0.1332,0.7566
2,2024-09-22 19:00:00,La_Liga,145,Rayo Vallecano,RVL,143,Atletico Madrid,ATL,1,1,1.68952,0.554066,0.7007,0.211,0.0883
2,2024-09-23 19:00:00,La_Liga,153,Real Betis,BET,239,Mallorca,MAL,1,2,1.37084,1.4369,0.3418,0.2766,0.3816
2,2024-09-24 17:00:00,La_Liga,138,Sevilla,SEV,231,Real Valladolid,VAL,2,1,1.67099,0.411515,0.7168,0.21,0.0732
2,2024-09-24 17:00:00,La_Liga,146,Valencia,VAL,157,Osasuna,OSA,0,0,1.17527,0.377552,0.6109,0.29,0.0991
2,2024-09-24 19:00:00,La_Liga,150,Real Madrid,RMA,158,Alaves,ALA,3,2,1.79791,0.853455,0.6334,0.2234,0.1432
2,2024-09-25 17:00:00,La_Liga,223,Girona,GIR,145,Rayo Vallecano,RVL,0,0,2.1579,0.377734,0.8726,0.1089,0.0185
2,2024-09-25 19:00:00,La_Liga,148,Barcelona,BAR,142,Getafe,GET,1,0,2.20799,0.929851,0.7106,0.1935,0.0959
2,2024-09-26 17:00:00,La_Liga,141,Espanyol,ESP,154,Villarreal,VIL,1,2,0.355072,1.96233,0.0401,0.1407,0.8192
2,2024-09-26 17:00:00,La_Liga,144,Las Palmas,LPL,153,Real Betis,BET,1,1,1.10799,2.66646,0.0828,0.1669,0.7503
2,2024-09-26 19:00:00,La_Liga,152,Celta Vigo,CEL,143,Atletico Madrid,ATL,0,1,1.76126,0.778357,0.6502,0.2379,0.1119
2,2024-09-27 19:00:00,La_Liga,231,Real Valladolid,VAL,239,Mallorca,MAL,1,2,1.31551,2.49026,0.1123,0.202,0.6857
2,2024-09-28 12:00:00,La_Liga,142,Getafe,GET,158,Alaves,ALA,2,0,2.55847,0.415348,0.8956,0.0815,0.0229
2,2024-09-28 14:15:00,La_Liga,145,Rayo Vallecano,RVL,159,Leganes,LEG,1,1,1.15229,0.852356,0.4319,0.31,0.2581
2,2024-09-28 16:30:00,La_Liga,140,Real Sociedad,SOC,146,Valencia,VAL,3,0,3.6853,0.805963,0.9545,0.0373,0.0082
2,2024-09-28 19:00:00,La_Liga,157,Osasuna,OSA,148,Barcelona,BAR,4,2,2.50067,0.751814,0.8438,0.112,0.0442
2,2024-09-29 12:00:00,La_Liga,152,Celta Vigo,CEL,223,Girona,GIR,1,1,0.52399,1.41269,0.1171,0.2536,0.6293
2,2024-09-29 14:15:00,La_Liga,147,Athletic Club,ATH,138,Sevilla,SEV,1,1,1.82961,1.24147,0.5189,0.264,0.2171
2,2024-09-29 16:30:00,La_Liga,153,Real Betis,BET,141,Espanyol,ESP,1,0,1.97922,0.569387,0.7625,0.1796,0.0579
2,2024-09-29 19:00:00,La_Liga,143,Atletico Madrid,ATL,150,Real Madrid,RMA,1,1,1.05477,0.660987,0.4635,0.331,0.2055
2,2024-09-30 19:00:00,La_Liga,154,Villarreal,VIL,144,Las Palmas,LPL,3,1,4.07869,0.802357,0.9628,0.0309,0.0063
2,2024-10-04 19:00:00,La_Liga,159,Leganes,LEG,146,Valencia,VAL,0,0,0.913168,0.703751,0.3917,0.3665,0.2418
2,2024-10-05 12:00:00,La_Liga,141,Espanyol,ESP,239,Mallorca,MAL,2,1,0.948554,1.79839,0.1021,0.2728,0.6251
2,2024-10-05 14:15:00,La_Liga,142,Getafe,GET,157,Osasuna,OSA,1,1,1.34832,0.247706,0.7214,0.2294,0.0492
2,2024-10-05 16:30:00,La_Liga,144,Las Palmas,LPL,152,Celta Vigo,CEL,0,1,0.964894,0.814163,0.3643,0.3405,0.2952
2,2024-10-05 16:30:00,La_Liga,231,Real Valladolid,VAL,145,Rayo Vallecano,RVL,1,2,1.65842,1.64746,0.3645,0.2667,0.3688
2,2024-10-05 19:00:00,La_Liga,150,Real Madrid,RMA,154,Villarreal,VIL,2,0,0.459582,1.4618,0.0873,0.2477,0.665
2,2024-10-06 12:00:00,La_Liga,223,Girona,GIR,147,Athletic Club,ATH,2,1,2.17393,3.15974,0.1799,0.1936,0.6265
2,2024-10-06 14:15:00,La_Liga,158,Alaves,ALA,148,Barcelona,BAR,0,3,0.794829,2.49367,0.06,0.1365,0.8035
2,2024-10-06 16:30:00,La_Liga,138,Sevilla,SEV,153,Real Betis,BET,1,0,1.8284,0.436615,0.7846,0.1625,0.0529
2,2024-10-06 19:00:00,La_Liga,140,Real Sociedad,SOC,143,Atletico Madrid,ATL,1,1,1.08517,0.561748,0.4901,0.3377,0.1722
2,2024-10-18 19:00:00,La_Liga,158,Alaves,ALA,231,Real Valladolid,VAL,2,3,0.433035,2.33646,0.0255,0.0885,0.886
2,2024-10-19 12:00:00,La_Liga,147,Athletic Club,ATH,141,Espanyol,ESP,4,1,1.46517,0.500795,0.6557,0.2469,0.0974
2,2024-10-19 14:15:00,La_Liga,157,Osasuna,OSA,153,Real Betis,BET,1,2,2.21025,2.79181,0.2462,0.2287,0.5251
2,2024-10-19 16:30:00,La_Liga,223,Girona,GIR,140,Real Sociedad,SOC,0,1,0.446152,1.86082,0.06,0.1741,0.7659
2,2024-10-19 19:00:00,La_Liga,152,Celta Vigo,CEL,150,Real Madrid,RMA,1,2,1.79112,1.19816,0.5236,0.2613,0.2151
2,2024-10-20 12:00:00,La_Liga,239,Mallorca,MAL,145,Rayo Vallecano,RVL,1,0,2.72076,0.464955,0.8977,0.0812,0.0211
2,2024-10-20 14:15:00,La_Liga,143,Atletico Madrid,ATL,159,Leganes,LEG,3,1,5.21397,0.271901,0.9976,0.0024,0
2,2024-10-20 16:30:00,La_Liga,154,Villarreal,VIL,142,Getafe,GET,1,1,1.14683,2.02638,0.1712,0.229,0.5998
2,2024-10-20 19:00:00,La_Liga,148,Barcelona,BAR,138,Sevilla,SEV,5,1,4.08528,0.599652,0.9753,0.0195,0.0052
2,2024-10-21 19:00:00,La_Liga,146,Valencia,VAL,144,Las Palmas,LPL,2,3,1.94417,1.56861,0.4554,0.267,0.2776
2,2024-10-25 19:00:00,La_Liga,141,Espanyol,ESP,138,Sevilla,SEV,0,2,1.0292,0.813306,0.3585,0.3524,0.2891
2,2024-10-26 12:00:00,La_Liga,231,Real Valladolid,VAL,154,Villarreal,VIL,1,2,0.97802,2.68435,0.0538,0.1466,0.7996
2,2024-10-26 14:15:00,La_Liga,145,Rayo Vallecano,RVL,158,Alaves,ALA,1,0,2.89009,0.871439,0.8274,0.1128,0.0598
2,2024-10-26 16:30:00,La_Liga,144,Las Palmas,LPL,223,Girona,GIR,1,0,1.24451,1.04715,0.3893,0.3455,0.2652
2,2024-10-26 19:00:00,La_Liga,150,Real Madrid,RMA,148,Barcelona,BAR,0,4,1.40359,2.51566,0.1554,0.2,0.6446
2,2024-10-27 13:00:00,La_Liga,159,Leganes,LEG,152,Celta Vigo,CEL,3,0,1.54881,0.767239,0.5987,0.244,0.1573
2,2024-10-27 15:15:00,La_Liga,142,Getafe,GET,146,Valencia,VAL,1,1,2.97825,0.63831,0.9167,0.0695,0.0138
2,2024-10-27 17:30:00,La_Liga,153,Real Betis,BET,143,Atletico Madrid,ATL,1,0,2.20384,0.555217,0.7846,0.1542,0.0612
2,2024-10-27 20:00:00,La_Liga,140,Real Sociedad,SOC,157,Osasuna,OSA,0,2,1.6767,1.06487,0.5217,0.2697,0.2086
2,2024-10-28 20:00:00,La_Liga,239,Mallorca,MAL,147,Athletic Club,ATH,0,0,0.542356,0.755466,0.2452,0.4064,0.3484
2,2024-11-01 20:00:00,La_Liga,158,Alaves,ALA,239,Mallorca,MAL,1,0,1.43582,0.708287,0.587,0.2719,0.1411
2,2024-11-02 13:00:00,La_Liga,157,Osasuna,OSA,231,Real Valladolid,VAL,1,0,3.21695,0.204092,0.9661,0.0285,0.0054
2,2024-11-02 15:15:00,La_Liga,223,Girona,GIR,159,Leganes,LEG,4,3,1.81274,0.320545,0.8176,0.1458,0.0366
2,2024-11-03 13:00:00,La_Liga,143,Atletico Madrid,ATL,144,Las Palmas,LPL,2,0,1.73469,0.0329044,0.8628,0.1328,0.0044
2,2024-11-03 15:15:00,La_Liga,148,Barcelona,BAR,141,Espanyol,ESP,3,1,1.94398,0.787359,0.6799,0.2074,0.1127
2,2024-11-03 17:30:00,La_Liga,138,Sevilla,SEV,140,Real Sociedad,SOC,0,2,0.629505,1.21835,0.1406,0.3168,0.5426
2,2024-11-03 20:00:00,La_Liga,147,Athletic Club,ATH,153,Real Betis,BET,1,1,4.2033,1.54499,0.9045,0.0697,0.0258
2,2024-11-04 20:00:00,La_Liga,152,Celta Vigo,CEL,142,Getafe,GET,1,0,2.12477,0.424746,0.8274,0.1293,0.0433
2,2024-11-08 20:00:00,La_Liga,145,Rayo Vallecano,RVL,144,Las Palmas,LPL,1,3,2.63982,1.25211,0.6934,0.1731,0.1335
2,2024-11-09 13:00:00,La_Liga,150,Real Madrid,RMA,157,Osasuna,OSA,4,0,3.27315,0.0678926,0.992,0.0076,0.0004
2,2024-11-09 15:15:00,La_Liga,154,Villarreal,VIL,158,Alaves,ALA,3,0,1.44293,0.608571,0.6177,0.2732,0.1091
2,2024-11-09 21:00:00,La_Liga,159,Leganes,LEG,138,Sevilla,SEV,1,0,1.09319,0.539924,0.5502,0.3082,0.1416
2,2024-11-10 13:00:00,La_Liga,153,Real Betis,BET,152,Celta Vigo,CEL,2,2,1.65065,0.941675,0.5377,0.2992,0.1631
2,2024-11-10 15:15:00,La_Liga,239,Mallorca,MAL,143,Atletico Madrid,ATL,0,1,0.735147,0.93863,0.2513,0.3507,0.398
2,2024-11-10 17:30:00,La_Liga,142,Getafe,GET,223,Girona,GIR,0,1,0.220796,0.521025,0.1103,0.49,0.3997
2,2024-11-10 17:30:00,La_Liga,231,Real Valladolid,VAL,147,Athletic Club,ATH,1,1,0.887674,1.487,0.2013,0.285,0.5137
2,2024-11-10 20:00:00,La_Liga,140,Real Sociedad,SOC,148,Barcelona,BAR,1,0,1.88518,0.514102,0.7413,0.1842,0.0745
2,2024-08-23 18:30:00,Bundesliga,130,Borussia M.Gladbach,BMG,119,Bayer Leverkusen,LEV,2,3,1.51665,3.23588,0.074,0.1487,0.7773
2,2024-08-24 13:30:00,Bundesliga,136,RasenBallsport Leipzig,RBL,268,Bochum,BOC,1,0,0.937134,1.31541,0.2301,0.2932,0.4767
2,2024-08-24 13:30:00,Bundesliga,120,Hoffenheim,HOF,287,Holstein Kiel,KIE,3,2,3.73706,1.97238,0.7519,0.1367,0.1114
2,2024-08-24 13:30:00,Bundesliga,135,Freiburg,FRE,133,VfB Stuttgart,STU,3,1,3.0149,0.374185,0.953,0.0388,0.0082
2,2024-08-24 13:30:00,Bundesliga,121,Augsburg,AUG,123,Werder Bremen,WER,2,2,1.31571,1.54312,0.3003,0.2921,0.4076
2,2024-08-24 13:30:00,Bundesliga,125,Mainz 05,MAI,240,Union Berlin,UNI,1,1,1.77023,0.731569,0.6573,0.2246,0.1181
2,2024-08-24 16:30:00,Bundesliga,129,Borussia Dortmund,DOR,132,Eintracht Frankfurt,EIN,2,0,1.9263,1.15188,0.5722,0.2791,0.1487
2,2024-08-25 13:30:00,Bundesliga,131,Wolfsburg,WOL,117,Bayern Munich,BAY,2,3,2.08125,2.17538,0.3596,0.2516,0.3888
2,2024-08-25 15:30:00,Bundesliga,288,St. Pauli,SPA,280,FC Heidenheim,HEI,0,2,1.1609,1.16833,0.3228,0.3254,0.3518
2,2024-08-30 18:30:00,Bundesliga,240,Union Berlin,UNI,288,St. Pauli,SPA,1,0,1.0488,0.644857,0.4553,0.3344,0.2103
2,2024-08-31 13:30:00,Bundesliga,268,Bochum,BOC,130,Borussia M.Gladbach,BMG,0,2,0.918629,2.66887,0.0496,0.1212,0.8292
2,2024-08-31 13:30:00,Bundesliga,123,Werder Bremen,WER,129,Borussia Dortmund,DOR,0,0,0.278533,0.918302,0.0956,0.3589,0.5455
2,2024-08-31 13:30:00,Bundesliga,287,Holstein Kiel,KIE,131,Wolfsburg,WOL,0,2,0.89489,1.4619,0.2029,0.2729,0.5242
2,2024-08-31 13:30:00,Bundesliga,133,VfB Stuttgart,STU,125,Mainz 05,MAI,3,3,4.2134,1.95179,0.8469,0.1022,0.0509
2,2024-08-31 13:30:00,Bundesliga,132,Eintracht Frankfurt,EIN,120,Hoffenheim,HOF,3,1,2.68507,0.832386,0.8448,0.1268,0.0284
2,2024-08-31 16:30:00,Bundesliga,119,Bayer Leverkusen,LEV,136,RasenBallsport Leipzig,RBL,2,3,3.42266,1.50532,0.7866,0.1337,0.0797
2,2024-09-01 13:30:00,Bundesliga,280,FC Heidenheim,HEI,121,Augsburg,AUG,4,0,3.09376,0.641534,0.9302,0.0542,0.0156
2,2024-09-01 15:30:00,Bundesliga,117,Bayern Munich,BAY,135,Freiburg,FRE,2,0,1.62797,0.970892,0.5372,0.3269,0.1359
2,2024-09-13 18:30:00,Bundesliga,129,Borussia Dortmund,DOR,280,FC Heidenheim,HEI,4,2,2.84066,1.61406,0.6822,0.1883,0.1295
2,2024-09-14 13:30:00,Bundesliga,120,Hoffenheim,HOF,119,Bayer Leverkusen,LEV,1,4,1.06356,3.41829,0.0419,0.0912,0.8669
2,2024-09-14 13:30:00,Bundesliga,135,Freiburg,FRE,268,Bochum,BOC,2,1,3.95617,1.10732,0.9155,0.0601,0.0244
2,2024-09-14 13:30:00,Bundesliga,136,RasenBallsport Leipzig,RBL,240,Union Berlin,UNI,0,0,1.29462,0.859112,0.4912,0.3072,0.2016
2,2024-09-14 13:30:00,Bundesliga,131,Wolfsburg,WOL,132,Eintracht Frankfurt,EIN,1,2,1.23249,2.86858,0.0651,0.1437,0.7912
2,2024-09-14 13:30:00,Bundesliga,130,Borussia M.Gladbach,BMG,133,VfB Stuttgart,STU,1,3,2.05136,2.7214,0.2402,0.2169,0.5429
2,2024-09-14 16:30:00,Bundesliga,287,Holstein Kiel,KIE,117,Bayern Munich,BAY,1,6,0.299776,4.13442,0.0022,0.0138,0.984
2,2024-09-15 13:30:00,Bundesliga,121,Augsburg,AUG,288,St. Pauli,SPA,3,1,2.61475,0.49314,0.861,0.1022,0.0368
2,2024-09-15 15:30:00,Bundesliga,125,Mainz 05,MAI,123,Werder Bremen,WER,1,2,1.67115,1.8089,0.3286,0.2706,0.4008
2,2024-09-20 18:30:00,Bundesliga,121,Augsburg,AUG,125,Mainz 05,MAI,2,3,2.79562,1.25788,0.7342,0.1715,0.0943
2,2024-09-21 13:30:00,Bundesliga,240,Union Berlin,UNI,120,Hoffenheim,HOF,2,1,1.21587,0.378776,0.6174,0.2851,0.0975
2,2024-09-21 13:30:00,Bundesliga,268,Bochum,BOC,287,Holstein Kiel,KIE,2,2,1.32383,2.26878,0.1661,0.2136,0.6203
2,2024-09-21 13:30:00,Bundesliga,280,FC Heidenheim,HEI,135,Freiburg,FRE,0,3,0.379656,1.23884,0.1022,0.2927,0.6051
2,2024-09-21 13:30:00,Bundesliga,123,Werder Bremen,WER,117,Bayern Munich,BAY,0,5,0,3.34451,0,0.0148,0.9852
2,2024-09-21 16:30:00,Bundesliga,132,Eintracht Frankfurt,EIN,130,Borussia M.Gladbach,BMG,2,0,2.93252,1.19669,0.7844,0.1329,0.0827
2,2024-09-22 13:30:00,Bundesliga,119,Bayer Leverkusen,LEV,131,Wolfsburg,WOL,4,3,1.71874,0.836406,0.6025,0.259,0.1385
2,2024-09-22 15:30:00,Bundesliga,133,VfB Stuttgart,STU,129,Borussia Dortmund,DOR,5,1,3.56218,0.60692,0.9434,0.0446,0.012
2,2024-09-22 17:30:00,Bundesliga,288,St. Pauli,SPA,136,RasenBallsport Leipzig,RBL,0,0,1.67285,0.841324,0.5955,0.2419,0.1626
2,2024-09-27 18:30:00,Bundesliga,129,Borussia Dortmund,DOR,268,Bochum,BOC,4,2,4.1712,1.02915,0.9419,0.0459,0.0122
2,2024-09-28 13:30:00,Bundesliga,135,Freiburg,FRE,288,St. Pauli,SPA,0,3,1.10172,1.40925,0.2521,0.3203,0.4276
2,2024-09-28 13:30:00,Bundesliga,131,Wolfsburg,WOL,133,VfB Stuttgart,STU,2,2,1.0386,2.58036,0.0676,0.1569,0.7755
2,2024-09-28 13:30:00,Bundesliga,125,Mainz 05,MAI,280,FC Heidenheim,HEI,0,2,0.371434,1.09304,0.1155,0.3302,0.5543
2,2024-09-28 13:30:00,Bundesliga,130,Borussia M.Gladbach,BMG,240,Union Berlin,UNI,1,0,1.38305,0.731164,0.5508,0.2794,0.1698
2,2024-09-28 13:30:00,Bundesliga,136,RasenBallsport Leipzig,RBL,121,Augsburg,AUG,4,0,2.81593,1.07415,0.7949,0.145,0.0601
2,2024-09-28 16:30:00,Bundesliga,117,Bayern Munich,BAY,119,Bayer Leverkusen,LEV,1,1,1.19457,0.0870163,0.7039,0.2747,0.0214
2,2024-09-29 13:30:00,Bundesliga,287,Holstein Kiel,KIE,132,Eintracht Frankfurt,EIN,2,4,1.02971,2.43436,0.0783,0.1871,0.7346
2,2024-09-29 15:30:00,Bundesliga,120,Hoffenheim,HOF,123,Werder Bremen,WER,3,4,1.78654,4.06917,0.0572,0.1069,0.8359
2,2024-10-04 18:30:00,Bundesliga,121,Augsburg,AUG,130,Borussia M.Gladbach,BMG,2,1,1.75524,0.807021,0.6287,0.2308,0.1405
2,2024-10-05 13:30:00,Bundesliga,123,Werder Bremen,WER,135,Freiburg,FRE,0,1,0.879674,1.58065,0.1911,0.2566,0.5523
2,2024-10-05 13:30:00,Bundesliga,240,Union Berlin,UNI,129,Borussia Dortmund,DOR,2,1,1.52691,0.748758,0.5877,0.277,0.1353
2,2024-10-05 13:30:00,Bundesliga,268,Bochum,BOC,131,Wolfsburg,WOL,1,3,2.28586,2.37344,0.3583,0.2444,0.3973
2,2024-10-05 13:30:00,Bundesliga,119,Bayer Leverkusen,LEV,287,Holstein Kiel,KIE,2,2,2.5839,1.98438,0.5259,0.2227,0.2514
2,2024-10-05 16:30:00,Bundesliga,288,St. Pauli,SPA,125,Mainz 05,MAI,0,3,0.805413,1.29606,0.2004,0.2949,0.5047
2,2024-10-06 13:30:00,Bundesliga,280,FC Heidenheim,HEI,136,RasenBallsport Leipzig,RBL,0,1,1.08159,1.81585,0.1918,0.2458,0.5624
2,2024-10-06 15:30:00,Bundesliga,132,Eintracht Frankfurt,EIN,117,Bayern Munich,BAY,3,3,1.49515,2.83119,0.1279,0.1839,0.6882
2,2024-10-06 17:30:00,Bundesliga,133,VfB Stuttgart,STU,120,Hoffenheim,HOF,1,1,1.72567,0.893468,0.5971,0.2685,0.1344
2,2024-10-18 18:30:00,Bundesliga,129,Borussia Dortmund,DOR,288,St. Pauli,SPA,2,1,3.97161,1.07012,0.9214,0.0567,0.0219
2,2024-10-19 13:30:00,Bundesliga,119,Bayer Leverkusen,LEV,132,Eintracht Frankfurt,EIN,2,1,4.07146,1.55158,0.8813,0.0832,0.0355
2,2024-10-19 13:30:00,Bundesliga,120,Hoffenheim,HOF,268,Bochum,BOC,3,1,2.46268,2.3454,0.4052,0.2302,0.3646
2,2024-10-19 13:30:00,Bundesliga,135,Freiburg,FRE,121,Augsburg,AUG,3,1,1.07588,0.868723,0.4027,0.3145,0.2828
2,2024-10-19 13:30:00,Bundesliga,125,Mainz 05,MAI,136,RasenBallsport Leipzig,RBL,0,2,0.611288,2.16084,0.0581,0.1386,0.8033
2,2024-10-19 13:30:00,Bundesliga,130,Borussia M.Gladbach,BMG,280,FC Heidenheim,HEI,3,2,4.14976,1.89766,0.8299,0.101,0.0691
2,2024-10-19 16:30:00,Bundesliga,117,Bayern Munich,BAY,133,VfB Stuttgart,STU,4,0,3.61889,0.286656,0.9817,0.0165,0.0018
2,2024-10-20 13:30:00,Bundesliga,287,Holstein Kiel,KIE,240,Union Berlin,UNI,0,2,0.901058,1.2809,0.2518,0.295,0.4532
2,2024-10-20 15:30:00,Bundesliga,131,Wolfsburg,WOL,123,Werder Bremen,WER,2,4,2.17351,2.14788,0.3853,0.2594,0.3553
2,2024-10-25 18:30:00,Bundesliga,125,Mainz 05,MAI,130,Borussia M.Gladbach,BMG,1,1,1.45557,0.934033,0.5007,0.2891,0.2102
2,2024-10-26 13:30:00,Bundesliga,133,VfB Stuttgart,STU,287,Holstein Kiel,KIE,2,1,1.90999,0.680092,0.7091,0.2004,0.0905
2,2024-10-26 13:30:00,Bundesliga,136,RasenBallsport Leipzig,RBL,135,Freiburg,FRE,3,1,2.69047,1.75887,0.6098,0.1923,0.1979
2,2024-10-26 13:30:00,Bundesliga,121,Augsburg,AUG,129,Borussia Dortmund,DOR,2,1,0.560509,0.776944,0.2292,0.3903,0.3805
2,2024-10-26 13:30:00,Bundesliga,288,St. Pauli,SPA,131,Wolfsburg,WOL,0,0,0.730167,0.940969,0.2569,0.3367,0.4064
2,2024-10-26 16:30:00,Bundesliga,123,Werder Bremen,WER,119,Bayer Leverkusen,LEV,2,2,1.78808,1.30852,0.4916,0.2624,0.246
2,2024-10-27 14:30:00,Bundesliga,268,Bochum,BOC,117,Bayern Munich,BAY,0,5,0.205046,3.1499,0.0061,0.0429,0.951
2,2024-10-27 16:30:00,Bundesliga,240,Union Berlin,UNI,132,Eintracht Frankfurt,EIN,1,1,1.86305,1.54058,0.4505,0.2936,0.2559
2,2024-10-27 18:30:00,Bundesliga,280,FC Heidenheim,HEI,120,Hoffenheim,HOF,0,0,1.57817,0.692793,0.6355,0.2497,0.1148
2,2024-11-01 19:30:00,Bundesliga,119,Bayer Leverkusen,LEV,133,VfB Stuttgart,STU,0,0,2.78287,0.223778,0.9313,0.0583,0.0104
2,2024-11-02 14:30:00,Bundesliga,117,Bayern Munich,BAY,240,Union Berlin,UNI,3,0,2.76181,0.4664,0.9095,0.0727,0.0178
2,2024-11-02 14:30:00,Bundesliga,132,Eintracht Frankfurt,EIN,268,Bochum,BOC,7,2,3.83028,2.08714,0.7661,0.147,0.0869
2,2024-11-02 14:30:00,Bundesliga,120,Hoffenheim,HOF,288,St. Pauli,SPA,0,2,0.746379,1.1155,0.2176,0.3277,0.4547
2,2024-11-02 14:30:00,Bundesliga,131,Wolfsburg,WOL,121,Augsburg,AUG,1,1,1.11324,0.499473,0.5182,0.3284,0.1534
2,2024-11-02 14:30:00,Bundesliga,287,Holstein Kiel,KIE,280,FC Heidenheim,HEI,1,0,2.13316,1.27585,0.6115,0.2223,0.1662
2,2024-11-02 17:30:00,Bundesliga,129,Borussia Dortmund,DOR,136,RasenBallsport Leipzig,RBL,2,1,3.30102,0.23928,0.9618,0.0335,0.0047
2,2024-11-03 14:30:00,Bundesliga,135,Freiburg,FRE,125,Mainz 05,MAI,0,0,0.463898,0.903716,0.1494,0.3637,0.4869
2,2024-11-03 16:30:00,Bundesliga,130,Borussia M.Gladbach,BMG,123,Werder Bremen,WER,4,1,2.95668,1.30211,0.7639,0.1407,0.0954
2,2024-11-08 19:30:00,Bundesliga,240,Union Berlin,UNI,135,Freiburg,FRE,0,0,0.801684,2.66619,0.0348,0.1096,0.8556
2,2024-11-09 14:30:00,Bundesliga,123,Werder Bremen,WER,287,Holstein Kiel,KIE,2,1,2.26129,0.884231,0.728,0.1737,0.0983
2,2024-11-09 14:30:00,Bundesliga,125,Mainz 05,MAI,129,Borussia Dortmund,DOR,3,1,3.18749,0.845107,0.9,0.0831,0.0169
2,2024-11-09 14:30:00,Bundesliga,268,Bochum,BOC,119,Bayer Leverkusen,LEV,1,1,0.777554,1.40554,0.1893,0.2769,0.5338
2,2024-11-09 14:30:00,Bundesliga,288,St. Pauli,SPA,117,Bayern Munich,BAY,0,1,0.0751538,1.67296,0.0099,0.14,0.8501
2,2024-11-09 17:30:00,Bundesliga,136,RasenBallsport Leipzig,RBL,130,Borussia M.Gladbach,BMG,0,0,0.849803,1.31521,0.214,0.2967,0.4893
2,2024-11-10 14:30:00,Bundesliga,121,Augsburg,AUG,120,Hoffenheim,HOF,0,0,0.970329,0.415649,0.5105,0.3484,0.1411
2,2024-11-10 16:30:00,Bundesliga,133,VfB Stuttgart,STU,132,Eintracht Frankfurt,EIN,2,3,2.81862,1.93894,0.5758,0.2161,0.2081
2,2024-11-10 18:30:00,Bundesliga,280,FC Heidenheim,HEI,131,Wolfsburg,WOL,1,3,2.62448,1.55233,0.6362,0.1982,0.1656
2,2024-08-17 16:30:00,Serie_A,101,Genoa,GEN,106,Inter,INT,2,2,2.31286,2.00656,0.4556,0.2689,0.2755
2,2024-08-17 16:30:00,Serie_A,230,Parma Calcio 1913,PAR,110,Fiorentina,FIO,1,1,1.83796,0.81313,0.6549,0.2172,0.1279
2,2024-08-17 18:45:00,Serie_A,108,Empoli,EMP,271,Monza,MON,0,0,0.578573,0.327848,0.3458,0.4817,0.1725
2,2024-08-17 18:45:00,Serie_A,111,AC Milan,MIL,113,Torino,TOR,2,2,2.1004,0.876602,0.6938,0.2176,0.0886
2,2024-08-18 16:30:00,Serie_A,94,Verona,VER,105,Napoli,NAP,3,0,1.80536,0.975176,0.6173,0.2346,0.1481
2,2024-08-18 16:30:00,Serie_A,97,Bologna,BOL,99,Udinese,UDI,1,1,3.3102,0.944621,0.9134,0.0709,0.0157
2,2024-08-18 18:45:00,Serie_A,116,Cagliari,CAG,95,Roma,ROM,0,0,1.30634,1.29639,0.3391,0.2992,0.3617
2,2024-08-18 18:45:00,Serie_A,96,Lazio,LAZ,265,Venezia,VEN,3,1,2.33223,0.789649,0.7733,0.1575,0.0692
2,2024-08-19 16:30:00,Serie_A,243,Lecce,LEC,107,Atalanta,ATA,0,4,1.88414,2.45909,0.2563,0.2175,0.5262
2,2024-08-19 18:45:00,Serie_A,98,Juventus,JUV,286,Como,COM,3,0,1.30582,0.171238,0.7156,0.2456,0.0388
2,2024-08-24 16:30:00,Serie_A,230,Parma Calcio 1913,PAR,111,AC Milan,MIL,2,1,2.46266,2.09812,0.4745,0.2412,0.2843
2,2024-08-24 16:30:00,Serie_A,99,Udinese,UDI,96,Lazio,LAZ,2,1,1.11581,1.68277,0.2128,0.2781,0.5091
2,2024-08-24 18:45:00,Serie_A,271,Monza,MON,101,Genoa,GEN,0,1,0.401371,0.660299,0.1845,0.4299,0.3856
2,2024-08-24 18:45:00,Serie_A,106,Inter,INT,243,Lecce,LEC,2,0,2.48059,0.335346,0.9122,0.0694,0.0184
2,2024-08-25 16:30:00,Serie_A,110,Fiorentina,FIO,265,Venezia,VEN,0,0,0.660213,1.01295,0.2058,0.3398,0.4544
2,2024-08-25 16:30:00,Serie_A,113,Torino,TOR,107,Atalanta,ATA,2,1,2.49919,3.08667,0.2702,0.219,0.5108
2,2024-08-25 18:45:00,Serie_A,105,Napoli,NAP,97,Bologna,BOL,3,0,2.07052,0.544518,0.7787,0.1655,0.0558
2,2024-08-25 18:45:00,Serie_A,95,Roma,ROM,108,Empoli,EMP,1,2,2.04246,3.0773,0.1828,0.1812,0.636
2,2024-08-26 16:30:00,Serie_A,116,Cagliari,CAG,286,Como,COM,1,1,1.03532,2.08973,0.1186,0.2118,0.6696
2,2024-08-26 18:45:00,Serie_A,94,Verona,VER,98,Juventus,JUV,0,3,0.878611,1.36151,0.1874,0.3109,0.5017
2,2024-08-30 16:30:00,Serie_A,265,Venezia,VEN,113,Torino,TOR,0,1,0.635612,1.80895,0.1,0.206,0.694
2,2024-08-30 18:45:00,Serie_A,106,Inter,INT,107,Atalanta,ATA,4,0,2.28876,1.17772,0.6664,0.2092,0.1244
2,2024-08-31 16:30:00,Serie_A,243,Lecce,LEC,116,Cagliari,CAG,1,0,2.34113,2.09263,0.4441,0.2341,0.3218
2,2024-08-31 16:30:00,Serie_A,97,Bologna,BOL,108,Empoli,EMP,1,1,1.35876,1.11428,0.4057,0.3354,0.2589
2,2024-08-31 18:45:00,Serie_A,105,Napoli,NAP,230,Parma Calcio 1913,PAR,2,1,2.33511,1.90229,0.4639,0.234,0.3021
2,2024-08-31 18:45:00,Serie_A,96,Lazio,LAZ,111,AC Milan,MIL,2,2,2.32967,1.34242,0.6475,0.2132,0.1393
2,2024-09-01 16:30:00,Serie_A,110,Fiorentina,FIO,271,Monza,MON,2,2,2.41541,0.489982,0.8645,0.1102,0.0253
2,2024-09-01 16:30:00,Serie_A,101,Genoa,GEN,94,Verona,VER,0,2,1.34735,2.09653,0.1811,0.248,0.5709
2,2024-09-01 18:45:00,Serie_A,98,Juventus,JUV,95,Roma,ROM,0,0,0.415282,0.382591,0.2508,0.5223,0.2269
2,2024-09-01 18:45:00,Serie_A,99,Udinese,UDI,286,Como,COM,1,0,1.18455,1.65728,0.2293,0.2945,0.4762
2,2024-09-14 13:00:00,Serie_A,286,Como,COM,97,Bologna,BOL,2,2,1.45782,1.15087,0.4382,0.2776,0.2842
2,2024-09-14 16:00:00,Serie_A,108,Empoli,EMP,98,Juventus,JUV,0,0,0.601249,0.726024,0.2754,0.3959,0.3287
2,2024-09-14 18:45:00,Serie_A,111,AC Milan,MIL,265,Venezia,VEN,4,0,2.18898,0.263269,0.9173,0.0707,0.012
2,2024-09-15 10:30:00,Serie_A,101,Genoa,GEN,95,Roma,ROM,1,1,1.59603,2.65805,0.1815,0.1839,0.6346
2,2024-09-15 13:00:00,Serie_A,107,Atalanta,ATA,110,Fiorentina,FIO,3,2,2.4507,1.96392,0.4864,0.2517,0.2619
2,2024-09-15 13:00:00,Serie_A,113,Torino,TOR,243,Lecce,LEC,0,0,0.447368,1.6617,0.0604,0.2119,0.7277
2,2024-09-15 16:00:00,Serie_A,116,Cagliari,CAG,105,Napoli,NAP,0,4,0.881581,1.42805,0.2099,0.2703,0.5198
2,2024-09-15 18:45:00,Serie_A,271,Monza,MON,106,Inter,INT,1,1,0.217777,1.8081,0.0288,0.152,0.8192
2,2024-09-16 16:30:00,Serie_A,230,Parma Calcio 1913,PAR,99,Udinese,UDI,2,3,0.87968,3.08828,0.0226,0.0768,0.9006
2,2024-09-16 18:45:00,Serie_A,96,Lazio,LAZ,94,Verona,VER,2,1,1.79243,0.533276,0.7489,0.1917,0.0594
2,2024-09-20 16:30:00,Serie_A,116,Cagliari,CAG,108,Empoli,EMP,0,2,1.68655,1.02688,0.5334,0.2623,0.2043
2,2024-09-20 18:45:00,Serie_A,94,Verona,VER,113,Torino,TOR,2,3,0.777792,1.96682,0.0919,0.2013,0.7068
2,2024-09-21 13:00:00,Serie_A,265,Venezia,VEN,101,Genoa,GEN,2,0,2.33503,0.388857,0.8913,0.0864,0.0223
2,2024-09-21 16:00:00,Serie_A,98,Juventus,JUV,105,Napoli,NAP,0,0,0.419301,0.233773,0.2903,0.5664,0.1433
2,2024-09-21 18:45:00,Serie_A,243,Lecce,LEC,230,Parma Calcio 1913,PAR,2,2,1.25857,2.054,0.195,0.2207,0.5843
2,2024-09-22 10:30:00,Serie_A,110,Fiorentina,FIO,96,Lazio,LAZ,2,1,2.85634,1.14467,0.8063,0.1289,0.0648
2,2024-09-22 13:00:00,Serie_A,271,Monza,MON,97,Bologna,BOL,1,2,0.707402,1.45302,0.1519,0.3003,0.5478
2,2024-09-22 16:00:00,Serie_A,95,Roma,ROM,99,Udinese,UDI,3,0,2.5658,0.525078,0.877,0.0949,0.0281
2,2024-09-22 18:45:00,Serie_A,106,Inter,INT,111,AC Milan,MIL,1,2,0.941382,2.75751,0.0764,0.1335,0.7901
2,2024-09-24 18:45:00,Serie_A,107,Atalanta,ATA,286,Como,COM,2,3,1.31694,0.579703,0.617,0.2652,0.1178
2,2024-09-27 18:45:00,Serie_A,111,AC Milan,MIL,243,Lecce,LEC,3,0,2.43265,0.462274,0.8572,0.1087,0.0341
2,2024-09-28 13:00:00,Serie_A,99,Udinese,UDI,106,Inter,INT,2,3,0.984798,2.30465,0.1187,0.1843,0.697
2,2024-09-28 16:00:00,Serie_A,101,Genoa,GEN,98,Juventus,JUV,0,3,0.385259,2.91803,0.0089,0.0499,0.9412
2,2024-09-28 18:45:00,Serie_A,97,Bologna,BOL,107,Atalanta,ATA,1,1,0.176428,2.47751,0.0094,0.0637,0.9269
2,2024-09-29 10:30:00,Serie_A,113,Torino,TOR,96,Lazio,LAZ,2,3,0.494815,2.24735,0.0318,0.1139,0.8543
2,2024-09-29 13:00:00,Serie_A,286,Como,COM,94,Verona,VER,3,2,2.47493,1.5544,0.6066,0.2214,0.172
2,2024-09-29 13:00:00,Serie_A,95,Roma,ROM,265,Venezia,VEN,2,1,1.99001,2.02845,0.3717,0.2337,0.3946
2,2024-09-29 16:00:00,Serie_A,108,Empoli,EMP,110,Fiorentina,FIO,0,0,0.44778,1.25438,0.1228,0.2907,0.5865
2,2024-09-29 18:45:00,Serie_A,105,Napoli,NAP,271,Monza,MON,2,0,1.35886,0.298287,0.7012,0.2367,0.0621
2,2024-09-30 18:45:00,Serie_A,230,Parma Calcio 1913,PAR,116,Cagliari,CAG,2,3,2.98598,3.057,0.3764,0.2061,0.4175
2,2024-10-04 16:30:00,Serie_A,105,Napoli,NAP,286,Como,COM,3,1,1.91407,0.638474,0.7341,0.2003,0.0656
2,2024-10-04 18:45:00,Serie_A,94,Verona,VER,265,Venezia,VEN,2,1,2.10738,1.43755,0.5319,0.2313,0.2368
2,2024-10-05 13:00:00,Serie_A,99,Udinese,UDI,243,Lecce,LEC,1,0,1.56312,0.645952,0.6512,0.239,0.1098
2,2024-10-05 16:00:00,Serie_A,107,Atalanta,ATA,101,Genoa,GEN,5,1,4.0137,0.543171,0.9698,0.0256,0.0046
2,2024-10-05 18:45:00,Serie_A,106,Inter,INT,113,Torino,TOR,3,2,3.44641,1.29026,0.8434,0.1084,0.0482
2,2024-10-06 10:30:00,Serie_A,98,Juventus,JUV,116,Cagliari,CAG,1,1,3.21709,1.045,0.8737,0.0955,0.0308
2,2024-10-06 13:00:00,Serie_A,96,Lazio,LAZ,108,Empoli,EMP,2,1,2.0459,0.912844,0.7026,0.2274,0.07
2,2024-10-06 13:00:00,Serie_A,97,Bologna,BOL,230,Parma Calcio 1913,PAR,0,0,0.835615,1.08533,0.2494,0.3239,0.4267
2,2024-10-06 16:00:00,Serie_A,271,Monza,MON,95,Roma,ROM,1,1,1.11968,1.47893,0.2479,0.3234,0.4287
2,2024-10-06 18:45:00,Serie_A,110,Fiorentina,FIO,111,AC Milan,MIL,2,1,1.94286,2.83446,0.1927,0.2122,0.5951
2,2024-10-19 13:00:00,Serie_A,101,Genoa,GEN,97,Bologna,BOL,2,2,0.450285,1.15682,0.1112,0.2878,0.601
2,2024-10-19 13:00:00,Serie_A,286,Como,COM,230,Parma Calcio 1913,PAR,1,1,1.28527,0.918205,0.4459,0.3236,0.2305
2,2024-10-19 16:00:00,Serie_A,111,AC Milan,MIL,99,Udinese,UDI,1,0,1.20398,0.522785,0.5748,0.2922,0.133
2,2024-10-19 18:45:00,Serie_A,98,Juventus,JUV,96,Lazio,LAZ,1,0,1.49305,0.0648311,0.8025,0.1859,0.0116
2,2024-10-20 10:30:00,Serie_A,108,Empoli,EMP,105,Napoli,NAP,0,1,1.00465,1.31758,0.218,0.3465,0.4355
2,2024-10-20 13:00:00,Serie_A,265,Venezia,VEN,107,Atalanta,ATA,0,2,0.881872,1.83371,0.1437,0.2339,0.6224
2,2024-10-20 13:00:00,Serie_A,243,Lecce,LEC,110,Fiorentina,FIO,0,6,0.223823,2.21676,0.0141,0.088,0.8979
2,2024-10-20 16:00:00,Serie_A,116,Cagliari,CAG,113,Torino,TOR,3,2,1.51181,1.23394,0.4248,0.274,0.3012
2,2024-10-20 18:45:00,Serie_A,95,Roma,ROM,106,Inter,INT,0,1,0.78742,0.796917,0.3294,0.3494,0.3212
2,2024-10-21 18:45:00,Serie_A,94,Verona,VER,271,Monza,MON,0,3,0.81446,1.56377,0.1648,0.2553,0.5799
2,2024-10-25 16:30:00,Serie_A,99,Udinese,UDI,116,Cagliari,CAG,2,0,1.12881,0.160634,0.6655,0.2906,0.0439
2,2024-10-25 18:30:00,Serie_A,113,Torino,TOR,286,Como,COM,1,0,1.56007,1.59554,0.3471,0.317,0.3359
2,2024-10-26 13:00:00,Serie_A,105,Napoli,NAP,243,Lecce,LEC,1,0,2.53236,0.57038,0.8775,0.097,0.0255
2,2024-10-26 18:45:00,Serie_A,107,Atalanta,ATA,94,Verona,VER,6,1,3.84122,0.22446,0.9862,0.0128,0.001
2,2024-10-27 11:30:00,Serie_A,230,Parma Calcio 1913,PAR,108,Empoli,EMP,1,1,1.43623,0.14913,0.8188,0.1605,0.0207
2,2024-10-27 14:00:00,Serie_A,271,Monza,MON,265,Venezia,VEN,2,2,0.903007,0.459902,0.4629,0.3668,0.1703
2,2024-10-27 14:00:00,Serie_A,96,Lazio,LAZ,101,Genoa,GEN,3,0,2.9799,0.261739,0.9528,0.0416,0.0056
2,2024-10-27 17:00:00,Serie_A,106,Inter,INT,98,Juventus,JUV,4,4,2.82542,2.36179,0.4828,0.2623,0.2549
2,2024-10-27 19:45:00,Serie_A,110,Fiorentina,FIO,95,Roma,ROM,5,1,4.56893,0.657353,0.9896,0.009,0.0014
2,2024-10-29 17:30:00,Serie_A,116,Cagliari,CAG,97,Bologna,BOL,0,2,1.18569,0.872307,0.4374,0.3044,0.2582
2,2024-10-29 17:30:00,Serie_A,243,Lecce,LEC,94,Verona,VER,1,0,1.35273,0.211464,0.7197,0.2345,0.0458
2,2024-10-29 19:45:00,Serie_A,111,AC Milan,MIL,105,Napoli,NAP,0,2,0.568256,0.956912,0.2004,0.3493,0.4503
2,2024-10-30 17:30:00,Serie_A,108,Empoli,EMP,106,Inter,INT,0,3,0.319674,1.68832,0.0467,0.1991,0.7542
2,2024-10-30 17:30:00,Serie_A,265,Venezia,VEN,99,Udinese,UDI,3,2,2.55368,1.30701,0.7052,0.1886,0.1062
2,2024-10-30 19:45:00,Serie_A,107,Atalanta,ATA,271,Monza,MON,2,0,1.65221,0.0805941,0.8209,0.1682,0.0109
2,2024-10-30 19:45:00,Serie_A,98,Juventus,JUV,230,Parma Calcio 1913,PAR,2,2,2.77649,1.45546,0.6986,0.1773,0.1241
2,2024-10-31 17:30:00,Serie_A,101,Genoa,GEN,110,Fiorentina,FIO,0,1,0.848655,0.909048,0.2989,0.3431,0.358
2,2024-10-31 19:45:00,Serie_A,286,Como,COM,96,Lazio,LAZ,1,5,1.16312,2.96686,0.0684,0.1268,0.8048
2,2024-10-31 19:45:00,Serie_A,95,Roma,ROM,113,Torino,TOR,1,0,0.436341,0.189286,0.3074,0.5787,0.1139
2,2024-11-02 14:00:00,Serie_A,97,Bologna,BOL,243,Lecce,LEC,1,0,2.06051,0.771878,0.7116,0.2029,0.0855
2,2024-11-02 17:00:00,Serie_A,99,Udinese,UDI,98,Juventus,JUV,0,2,0.573076,1.55533,0.1183,0.2338,0.6479
2,2024-11-02 19:45:00,Serie_A,271,Monza,MON,111,AC Milan,MIL,0,1,1.23293,2.91043,0.073,0.1466,0.7804
2,2024-11-03 11:30:00,Serie_A,105,Napoli,NAP,107,Atalanta,ATA,0,3,0.611112,1.50982,0.1296,0.2498,0.6206
2,2024-11-03 14:00:00,Serie_A,113,Torino,TOR,110,Fiorentina,FIO,0,1,0.590362,0.523302,0.3021,0.4355,0.2624
2,2024-11-03 17:00:00,Serie_A,94,Verona,VER,95,Roma,ROM,3,2,1.51701,2.38413,0.1676,0.2335,0.5989
2,2024-11-03 19:45:00,Serie_A,106,Inter,INT,265,Venezia,VEN,1,0,3.34539,1.14021,0.8551,0.1008,0.0441
2,2024-11-04 17:30:00,Serie_A,108,Empoli,EMP,286,Como,COM,1,0,0.723897,0.41675,0.4062,0.4148,0.179
2,2024-11-04 17:30:00,Serie_A,230,Parma Calcio 1913,PAR,101,Genoa,GEN,0,1,0.883705,1.15243,0.2537,0.3169,0.4294
2,2024-11-04 19:45:00,Serie_A,96,Lazio,LAZ,116,Cagliari,CAG,2,1,3.39964,0.274214,0.9787,0.0174,0.0039
2,2024-11-07 20:00:00,Serie_A,101,Genoa,GEN,286,Como,COM,1,1,1.03893,1.37361,0.2661,0.295,0.4389
2,2024-11-08 19:45:00,Serie_A,243,Lecce,LEC,108,Empoli,EMP,1,1,1.41905,0.610497,0.5775,0.2734,0.1491
2,2024-11-09 14:00:00,Serie_A,265,Venezia,VEN,230,Parma Calcio 1913,PAR,1,2,1.29642,0.945022,0.4326,0.3446,0.2228
2,2024-11-09 17:00:00,Serie_A,116,Cagliari,CAG,111,AC Milan,MIL,3,3,1.90363,2.77604,0.1906,0.2146,0.5948
2,2024-11-09 19:45:00,Serie_A,98,Juventus,JUV,113,Torino,TOR,2,0,1.57325,0.273931,0.7743,0.1868,0.0389
2,2024-11-10 11:30:00,Serie_A,107,Atalanta,ATA,99,Udinese,UDI,2,1,1.60488,0.90914,0.5596,0.255,0.1854
2,2024-11-10 14:00:00,Serie_A,95,Roma,ROM,97,Bologna,BOL,2,3,1.06974,2.16772,0.1243,0.2047,0.671
2,2024-11-10 14:00:00,Serie_A,110,Fiorentina,FIO,94,Verona,VER,3,1,2.77034,0.53544,0.892,0.081,0.027
2,2024-11-10 17:00:00,Serie_A,271,Monza,MON,96,Lazio,LAZ,0,1,0.747377,1.17083,0.2119,0.3133,0.4748
2,2024-11-10 19:45:00,Serie_A,106,Inter,INT,105,Napoli,NAP,1,1,1.47373,1.00611,0.4602,0.3652,0.1746
2,2024-08-16 18:45:00,Ligue_1,282,Le Havre,LHV,161,Paris Saint Germain,PSG,1,4,0.197023,2.9098,0.0045,0.0384,0.9571
2,2024-08-17 15:00:00,Ligue_1,241,Brest,BRE,164,Marseille,MAR,1,5,1.51475,2.96496,0.085,0.1596,0.7554
2,2024-08-17 17:00:00,Ligue_1,177,Reims,REI,160,Lille,LIL,0,2,0.0758907,2.31711,0.0038,0.0667,0.9295
2,2024-08-17 19:00:00,Ligue_1,171,Monaco,MON,175,Saint-Etienne,SEN,1,0,2.78444,0.484117,0.8869,0.0852,0.0279
2,2024-08-18 13:00:00,Ligue_1,275,Auxerre,AUX,170,Nice,NIC,2,1,3.03248,0.58056,0.9042,0.0721,0.0237
2,2024-08-18 15:00:00,Ligue_1,166,Montpellier,MPL,225,Strasbourg,STR,1,1,1.44704,1.10476,0.4524,0.309,0.2386
2,2024-08-18 15:00:00,Ligue_1,174,Toulouse,TOU,168,Nantes,NAN,0,0,1.50937,0.513845,0.6485,0.2438,0.1077
2,2024-08-18 15:00:00,Ligue_1,167,Angers,ANG,210,Lens,LEN,0,1,0.297792,1.04077,0.0919,0.3357,0.5724
2,2024-08-18 18:45:00,Ligue_1,163,Rennes,REN,178,Lyon,LYO,3,0,2.57411,2.20066,0.4516,0.231,0.3174
2,2024-08-23 18:45:00,Ligue_1,161,Paris Saint Germain,PSG,166,Montpellier,MPL,6,0,4.93703,0.772997,0.978,0.0181,0.0039
2,2024-08-24 15:00:00,Ligue_1,178,Lyon,LYO,171,Monaco,MON,0,2,0.0144803,2.60916,0.0002,0.0379,0.9619
2,2024-08-24 17:00:00,Ligue_1,160,Lille,LIL,167,Angers,ANG,2,0,1.25796,0.737042,0.4928,0.3095,0.1977
2,2024-08-24 19:00:00,Ligue_1,175,Saint-Etienne,SEN,282,Le Havre,LHV,0,2,1.48827,2.23362,0.1961,0.2287,0.5752
2,2024-08-25 13:00:00,Ligue_1,210,Lens,LEN,241,Brest,BRE,2,0,4.01926,0.695576,0.9512,0.0367,0.0121
2,2024-08-25 15:00:00,Ligue_1,170,Nice,NIC,174,Toulouse,TOU,1,1,1.23725,0.946618,0.4362,0.3071,0.2567
2,2024-08-25 15:00:00,Ligue_1,225,Strasbourg,STR,163,Rennes,REN,3,1,1.58875,1.40309,0.403,0.2783,0.3187
2,2024-08-25 15:00:00,Ligue_1,168,Nantes,NAN,275,Auxerre,AUX,2,0,1.52541,0.876338,0.5479,0.2703,0.1818
2,2024-08-25 18:45:00,Ligue_1,164,Marseille,MAR,177,Reims,REI,2,2,2.94016,1.01201,0.806,0.128,0.066
2,2024-08-30 18:45:00,Ligue_1,178,Lyon,LYO,225,Strasbourg,STR,4,3,3.22754,2.44695,0.5582,0.1893,0.2525
2,2024-08-31 15:00:00,Ligue_1,241,Brest,BRE,175,Saint-Etienne,SEN,4,0,3.60698,0.256612,0.9853,0.0132,0.0015
2,2024-08-31 17:00:00,Ligue_1,166,Montpellier,MPL,168,Nantes,NAN,1,3,0.745975,1.69437,0.1019,0.2444,0.6537
2,2024-08-31 19:00:00,Ligue_1,174,Toulouse,TOU,164,Marseille,MAR,1,3,0.485368,1.29819,0.1185,0.2977,0.5838
2,2024-09-01 13:00:00,Ligue_1,171,Monaco,MON,210,Lens,LEN,1,1,0.905621,1.91297,0.1148,0.2088,0.6764
2,2024-09-01 15:00:00,Ligue_1,282,Le Havre,LHV,275,Auxerre,AUX,3,1,2.83661,0.743523,0.8679,0.1046,0.0275
2,2024-09-01 15:00:00,Ligue_1,177,Reims,REI,163,Rennes,REN,2,1,2.00948,1.02619,0.635,0.2122,0.1528
2,2024-09-01 15:00:00,Ligue_1,167,Angers,ANG,170,Nice,NIC,1,4,1.33204,2.53408,0.095,0.2062,0.6988
2,2024-09-01 18:45:00,Ligue_1,160,Lille,LIL,161,Paris Saint Germain,PSG,1,3,1.57562,3.24139,0.0856,0.1402,0.7742
2,2024-09-13 18:30:00,Ligue_1,175,Saint-Etienne,SEN,160,Lille,LIL,1,0,1.1774,2.73176,0.0983,0.1582,0.7435
2,2024-09-14 15:00:00,Ligue_1,164,Marseille,MAR,170,Nice,NIC,2,0,1.02694,1.72041,0.186,0.2536,0.5604
2,2024-09-14 17:00:00,Ligue_1,275,Auxerre,AUX,171,Monaco,MON,0,3,0.419427,3.37672,0.0091,0.0408,0.9501
2,2024-09-14 19:00:00,Ligue_1,161,Paris Saint Germain,PSG,241,Brest,BRE,3,1,2.91245,1.00928,0.8249,0.1294,0.0457
2,2024-09-15 13:00:00,Ligue_1,163,Rennes,REN,166,Montpellier,MPL,3,0,1.26867,0.310262,0.6937,0.2414,0.0649
2,2024-09-15 15:00:00,Ligue_1,168,Nantes,NAN,177,Reims,REI,1,2,1.43325,0.549218,0.6324,0.2462,0.1214
2,2024-09-15 15:00:00,Ligue_1,174,Toulouse,TOU,282,Le Havre,LHV,2,0,1.8674,0.15045,0.8466,0.135,0.0184
2,2024-09-15 15:00:00,Ligue_1,225,Strasbourg,STR,167,Angers,ANG,1,1,2.47918,0.855084,0.7885,0.1477,0.0638
2,2024-09-15 18:45:00,Ligue_1,210,Lens,LEN,178,Lyon,LYO,0,0,0.623644,0.529029,0.3059,0.4363,0.2578
2,2024-09-20 18:45:00,Ligue_1,170,Nice,NIC,175,Saint-Etienne,SEN,8,0,4.50007,0.335532,0.9983,0.0015,0.0002
2,2024-09-21 15:00:00,Ligue_1,160,Lille,LIL,225,Strasbourg,STR,3,3,2.30213,3.02005,0.2257,0.2233,0.551
2,2024-09-21 17:00:00,Ligue_1,163,Rennes,REN,210,Lens,LEN,1,1,1.34636,0.853348,0.497,0.3219,0.1811
2,2024-09-21 19:00:00,Ligue_1,177,Reims,REI,161,Paris Saint Germain,PSG,1,1,0.760314,1.90277,0.1052,0.2105,0.6843
2,2024-09-22 13:00:00,Ligue_1,171,Monaco,MON,282,Le Havre,LHV,3,1,1.84023,0.580512,0.7784,0.1695,0.0521
2,2024-09-22 15:00:00,Ligue_1,241,Brest,BRE,174,Toulouse,TOU,2,0,0.709045,2.3505,0.0462,0.1361,0.8177
2,2024-09-22 15:00:00,Ligue_1,167,Angers,ANG,168,Nantes,NAN,1,1,0.82486,1.28588,0.1747,0.3693,0.456
2,2024-09-22 15:00:00,Ligue_1,166,Montpellier,MPL,275,Auxerre,AUX,3,2,1.78396,1.42586,0.4586,0.2695,0.2719
2,2024-09-22 18:45:00,Ligue_1,178,Lyon,LYO,164,Marseille,MAR,2,3,3.89273,0.675578,0.9594,0.0326,0.008
2,2024-09-27 17:00:00,Ligue_1,275,Auxerre,AUX,241,Brest,BRE,3,0,2.9504,0.726126,0.8765,0.09,0.0335
2,2024-09-27 19:00:00,Ligue_1,161,Paris Saint Germain,PSG,163,Rennes,REN,3,1,3.22405,2.02646,0.6651,0.1833,0.1516
2,2024-09-28 15:00:00,Ligue_1,210,Lens,LEN,170,Nice,NIC,0,0,2.06424,0.9614,0.6605,0.1975,0.142
2,2024-09-28 17:00:00,Ligue_1,282,Le Havre,LHV,160,Lille,LIL,0,3,0.488988,3.5706,0.0065,0.0305,0.963
2,2024-09-28 19:00:00,Ligue_1,171,Monaco,MON,166,Montpellier,MPL,2,1,3.45707,0.768868,0.911,0.0645,0.0245
2,2024-09-29 13:00:00,Ligue_1,174,Toulouse,TOU,178,Lyon,LYO,1,2,0.716626,0.730803,0.2965,0.3861,0.3174
2,2024-09-29 15:00:00,Ligue_1,168,Nantes,NAN,175,Saint-Etienne,SEN,2,2,2.61562,1.0242,0.7782,0.1635,0.0583
2,2024-09-29 15:00:00,Ligue_1,167,Angers,ANG,177,Reims,REI,1,3,1.08284,4.18122,0.0194,0.0508,0.9298
2,2024-09-29 18:45:00,Ligue_1,225,Strasbourg,STR,164,Marseille,MAR,1,0,1.67455,0.782395,0.6156,0.2408,0.1436
2,2024-10-04 18:45:00,Ligue_1,164,Marseille,MAR,167,Angers,ANG,1,1,0.896807,1.19435,0.2517,0.3033,0.445
2,2024-10-05 15:00:00,Ligue_1,175,Saint-Etienne,SEN,275,Auxerre,AUX,3,1,2.45106,0.71964,0.7992,0.1414,0.0594
2,2024-10-05 17:00:00,Ligue_1,160,Lille,LIL,174,Toulouse,TOU,2,1,1.37754,1.43654,0.3262,0.2996,0.3742
2,2024-10-05 19:00:00,Ligue_1,163,Rennes,REN,171,Monaco,MON,1,2,0.640297,0.498715,0.3293,0.4311,0.2396
2,2024-10-06 13:00:00,Ligue_1,178,Lyon,LYO,168,Nantes,NAN,2,0,2.43324,0.765938,0.7793,0.154,0.0667
2,2024-10-06 15:00:00,Ligue_1,177,Reims,REI,166,Montpellier,MPL,4,2,3.71514,0.874094,0.9392,0.0484,0.0124
2,2024-10-06 15:00:00,Ligue_1,241,Brest,BRE,282,Le Havre,LHV,2,0,0.890433,2.11913,0.1043,0.2038,0.6919
2,2024-10-06 15:00:00,Ligue_1,225,Strasbourg,STR,210,Lens,LEN,2,2,1.31135,1.43012,0.3224,0.3059,0.3717
2,2024-10-06 18:45:00,Ligue_1,170,Nice,NIC,161,Paris Saint Germain,PSG,1,1,0.326466,0.822322,0.1384,0.4024,0.4592
2,2024-10-18 18:45:00,Ligue_1,171,Monaco,MON,160,Lille,LIL,0,0,1.1914,0.163769,0.6694,0.2824,0.0482
2,2024-10-19 15:00:00,Ligue_1,241,Brest,BRE,163,Rennes,REN,1,1,1.42573,1.14445,0.3902,0.4199,0.1899
2,2024-10-19 17:00:00,Ligue_1,175,Saint-Etienne,SEN,210,Lens,LEN,0,2,0.782727,1.35593,0.1868,0.2811,0.5321
2,2024-10-19 19:00:00,Ligue_1,161,Paris Saint Germain,PSG,225,Strasbourg,STR,4,2,4.66981,2.22038,0.8631,0.0934,0.0435
2,2024-10-20 13:00:00,Ligue_1,282,Le Havre,LHV,178,Lyon,LYO,0,4,0.360268,2.76676,0.0111,0.0534,0.9355
2,2024-10-20 15:00:00,Ligue_1,275,Auxerre,AUX,177,Reims,REI,2,1,2.86385,1.22872,0.7994,0.141,0.0596
2,2024-10-20 15:00:00,Ligue_1,174,Toulouse,TOU,167,Angers,ANG,1,1,2.43778,1.47299,0.6363,0.2212,0.1425
2,2024-10-20 15:00:00,Ligue_1,168,Nantes,NAN,170,Nice,NIC,1,1,0.832336,0.776883,0.3431,0.3649,0.292
2,2024-10-20 18:45:00,Ligue_1,166,Montpellier,MPL,164,Marseille,MAR,0,5,1.75684,3.88109,0.0675,0.1111,0.8214
2,2024-10-25 18:45:00,Ligue_1,163,Rennes,REN,282,Le Havre,LHV,1,0,1.84154,0.272294,0.8093,0.1544,0.0363
2,2024-10-26 15:00:00,Ligue_1,167,Angers,ANG,175,Saint-Etienne,SEN,4,2,3.26778,1.33,0.8561,0.102,0.0419
2,2024-10-26 17:00:00,Ligue_1,177,Reims,REI,241,Brest,BRE,1,2,1.44911,1.64092,0.3034,0.281,0.4156
2,2024-10-26 19:00:00,Ligue_1,210,Lens,LEN,160,Lille,LIL,0,2,0.865293,1.47637,0.183,0.2837,0.5333
2,2024-10-27 14:00:00,Ligue_1,178,Lyon,LYO,275,Auxerre,AUX,2,2,2.21183,1.0609,0.671,0.1948,0.1342
2,2024-10-27 16:00:00,Ligue_1,166,Montpellier,MPL,174,Toulouse,TOU,0,3,0.241419,2.88708,0.0097,0.0486,0.9417
2,2024-10-27 16:00:00,Ligue_1,225,Strasbourg,STR,168,Nantes,NAN,3,1,1.99679,0.761926,0.7124,0.1963,0.0913
2,2024-10-27 16:00:00,Ligue_1,170,Nice,NIC,171,Monaco,MON,2,1,1.79435,0.796703,0.6274,0.2386,0.134
2,2024-10-27 19:45:00,Ligue_1,164,Marseille,MAR,161,Paris Saint Germain,PSG,0,3,0.277951,4.04221,0.0017,0.0137,0.9846
2,2024-11-01 18:00:00,Ligue_1,171,Monaco,MON,167,Angers,ANG,0,1,1.47525,0.50003,0.6682,0.2301,0.1017
2,2024-11-01 20:00:00,Ligue_1,160,Lille,LIL,178,Lyon,LYO,1,1,1.67241,1.58011,0.3843,0.2675,0.3482
2,2024-11-02 16:00:00,Ligue_1,161,Paris Saint Germain,PSG,210,Lens,LEN,1,0,2.76932,0.803421,0.8392,0.1113,0.0495
2,2024-11-02 18:00:00,Ligue_1,241,Brest,BRE,170,Nice,NIC,0,1,1.02021,1.92085,0.1399,0.2238,0.6363
2,2024-11-02 20:00:00,Ligue_1,175,Saint-Etienne,SEN,225,Strasbourg,STR,2,0,2.82745,0.451174,0.924,0.0593,0.0167
2,2024-11-03 14:00:00,Ligue_1,174,Toulouse,TOU,177,Reims,REI,1,0,0.910081,0.818661,0.3455,0.354,0.3005
2,2024-11-03 16:00:00,Ligue_1,275,Auxerre,AUX,163,Rennes,REN,4,0,2.39897,0.701873,0.8214,0.1305,0.0481
2,2024-11-03 16:00:00,Ligue_1,282,Le Havre,LHV,166,Montpellier,MPL,1,0,1.7998,0.722691,0.6958,0.2041,0.1001
2,2024-11-03 19:45:00,Ligue_1,168,Nantes,NAN,164,Marseille,MAR,1,2,1.25901,0.876221,0.432,0.3288,0.2392
2,2024-11-08 19:45:00,Ligue_1,164,Marseille,MAR,275,Auxerre,AUX,1,3,2.02831,2.09466,0.3373,0.2662,0.3965
2,2024-11-09 16:00:00,Ligue_1,225,Strasbourg,STR,171,Monaco,MON,1,3,0.771173,3.42574,0.0163,0.0634,0.9203
2,2024-11-09 18:00:00,Ligue_1,210,Lens,LEN,168,Nantes,NAN,3,2,3.74705,1.49891,0.8784,0.0927,0.0289
2,2024-11-09 20:00:00,Ligue_1,167,Angers,ANG,161,Paris Saint Germain,PSG,2,4,1.21483,4.38095,0.0189,0.0509,0.9302
2,2024-11-10 14:00:00,Ligue_1,170,Nice,NIC,160,Lille,LIL,2,2,1.92983,2.19562,0.3099,0.2541,0.436
2,2024-11-10 16:00:00,Ligue_1,163,Rennes,REN,174,Toulouse,TOU,0,2,0.31279,1.31564,0.0676,0.2498,0.6826
2,2024-11-10 16:00:00,Ligue_1,282,Le Havre,LHV,177,Reims,REI,0,3,1.51035,2.69952,0.1127,0.2003,0.687
2,2024-11-10 16:00:00,Ligue_1,166,Montpellier,MPL,241,Brest,BRE,3,1,3.03758,1.88669,0.671,0.1922,0.1368
2,2024-11-10 19:45:00,Ligue_1,178,Lyon,LYO,175,Saint-Etienne,SEN,1,0,2.28647,0.703111,0.79,0.1485,0.0615
